<?xml version="1.0" encoding="UTF-8"?>
<assembly
   xmlns="http://maven.apache.org/plugins/maven-assembly-plugin/assembly/1.1.2"
   xmlns:xsi="http://www.w3.org/2001/XMLSchema-instance"
   xsi:schemaLocation="http://maven.apache.org/plugins/maven-assembly-plugin/assembly/1.1.2 http://maven.apache.org/xsd/assembly-1.1.2.xsd">
  <id>tarball</id>
  <formats>
    <format>tar.bz2</format>
  </formats>
  <includeBaseDirectory>true</includeBaseDirectory>
  <fileSets>
    <fileSet>
      <directory>${project.basedir}/..</directory>
      <outputDirectory/>
      <includes>
        <include>*.txt</include>
        <include>*.md</include>
      </includes>
    </fileSet>
    <fileSet>
      <directory>${project.basedir}/..</directory>
      <outputDirectory/>
      <includes>
        <include>license/**/*.txt</include>
        <include>license/**/*.md</include>
      </includes>
    </fileSet>
    <fileSet>
      <directory>target/jars</directory>
      <outputDirectory>jar</outputDirectory>
      <includes>
        <include>**/*.jar</include>
      </includes>
    </fileSet>
    <fileSet>
      <directory>target/jars-all</directory>
      <outputDirectory>jar/all-in-one</outputDirectory>
      <includes>
        <include>**/*.jar</include>
      </includes>
    </fileSet>
    <fileSet>
      <directory>target/apidocs-all</directory>
      <outputDirectory>javadoc</outputDirectory>
      <includes>
        <include>**/*.jar</include>
      </includes>
    </fileSet>
  </fileSets>
</assembly>

